Shift ID,Employee ID,Date,Location,Shift Start,Shift End,Act Hrs,Notes
shf_0001,stf_003,2026-01-01,,07:00,16:00,9,
shf_0002,stf_005,2026-01-01,,07:00,16:00,9,
shf_0003,stf_001,2026-01-01,,07:00,16:00,9,
shf_0004,stf_007,2026-01-01,,07:00,16:00,9,
shf_0005,stf_010,2026-01-01,,07:00,16:00,9,
shf_0016,stf_035,2026-01-01,,05:30,14:00,8.5,
shf_0017,stf_038,2026-01-01,,05:30,14:00,8.5,
shf_0018,stf_037,2026-01-01,,05:30,14:00,8.5,
shf_0019,stf_042,2026-01-01,,07:00,17:00,10,
shf_0020,stf_040,2026-01-01,,07:00,17:00,10,
shf_0021,stf_045,2026-01-01,,08:00,17:00,9,
shf_0022,stf_044,2026-01-01,,08:00,17:00,9,
shf_0023,stf_003,2026-01-02,,07:00,16:00,9,
shf_0024,stf_006,2026-01-02,,07:00,16:00,9,
shf_0025,stf_002,2026-01-02,,07:00,16:00,9,
shf_0026,stf_008,2026-01-02,,07:00,16:00,9,
shf_0027,stf_010,2026-01-02,,07:00,16:00,9,
shf_0038,stf_033,2026-01-02,,05:30,14:00,8.5,
shf_0039,stf_038,2026-01-02,,05:30,14:00,8.5,
shf_0040,stf_034,2026-01-02,,05:30,14:00,8.5,
shf_0041,stf_036,2026-01-02,,05:30,14:00,8.5,
shf_0042,stf_041,2026-01-02,,07:00,17:00,10,
shf_0043,stf_040,2026-01-02,,07:00,17:00,10,
shf_0044,stf_043,2026-01-02,,08:00,17:00,9,
shf_0045,stf_044,2026-01-02,,08:00,17:00,9,
shf_0046,stf_008,2026-01-03,,06:30,16:30,10,
shf_0047,stf_002,2026-01-03,,06:30,16:30,10,
shf_0048,stf_007,2026-01-03,,06:30,16:30,10,
shf_0049,stf_009,2026-01-03,,06:30,16:30,10,
shf_0050,stf_010,2026-01-03,,06:30,16:30,10,
shf_0062,stf_036,2026-01-03,,05:30,14:00,8.5,
shf_0063,stf_037,2026-01-03,,05:30,14:00,8.5,
shf_0064,stf_039,2026-01-03,,05:30,14:00,8.5,
shf_0065,stf_038,2026-01-03,,05:30,14:00,8.5,
shf_0066,stf_042,2026-01-03,,07:00,17:00,10,
shf_0067,stf_040,2026-01-03,,07:00,17:00,10,
shf_0068,stf_006,2026-01-04,,06:30,16:30,10,
shf_0069,stf_010,2026-01-04,,06:30,16:30,10,
shf_0070,stf_007,2026-01-04,,06:30,16:30,10,
shf_0071,stf_002,2026-01-04,,06:30,16:30,10,
shf_0072,stf_009,2026-01-04,,06:30,16:30,10,
shf_0084,stf_035,2026-01-04,,05:30,14:00,8.5,
shf_0085,stf_034,2026-01-04,,05:30,14:00,8.5,
shf_0086,stf_036,2026-01-04,,05:30,14:00,8.5,
shf_0087,stf_041,2026-01-04,,07:00,17:00,10,
shf_0088,stf_042,2026-01-04,,07:00,17:00,10,
shf_0089,stf_008,2026-01-05,,07:00,16:00,9,
shf_0090,stf_005,2026-01-05,,07:00,16:00,9,
shf_0091,stf_009,2026-01-05,,07:00,16:00,9,
shf_0092,stf_010,2026-01-05,,07:00,16:00,9,
shf_0101,stf_033,2026-01-05,,05:30,14:00,8.5,
shf_0102,stf_035,2026-01-05,,05:30,14:00,8.5,
shf_0103,stf_039,2026-01-05,,05:30,14:00,8.5,
shf_0104,stf_036,2026-01-05,,05:30,14:00,8.5,
shf_0105,stf_041,2026-01-05,,07:00,17:00,10,
shf_0106,stf_040,2026-01-05,,07:00,17:00,10,
shf_0107,stf_044,2026-01-05,,08:00,17:00,9,
shf_0108,stf_043,2026-01-05,,08:00,17:00,9,
shf_0109,stf_007,2026-01-07,,07:00,16:00,9,
shf_0110,stf_006,2026-01-07,,07:00,16:00,9,
shf_0111,stf_008,2026-01-07,,07:00,16:00,9,
shf_0112,stf_003,2026-01-07,,07:00,16:00,9,
shf_0121,stf_036,2026-01-07,,05:30,14:00,8.5,
shf_0122,stf_033,2026-01-07,,05:30,14:00,8.5,
shf_0123,stf_037,2026-01-07,,05:30,14:00,8.5,
shf_0124,stf_040,2026-01-07,,07:00,17:00,10,
shf_0125,stf_041,2026-01-07,,07:00,17:00,10,
shf_0126,stf_045,2026-01-07,,08:00,17:00,9,
shf_0127,stf_044,2026-01-07,,08:00,17:00,9,
shf_0128,stf_006,2026-01-08,,07:00,16:00,9,
shf_0129,stf_008,2026-01-08,,07:00,16:00,9,
shf_0130,stf_004,2026-01-08,,07:00,16:00,9,
shf_0131,stf_009,2026-01-08,,07:00,16:00,9,
shf_0142,stf_035,2026-01-08,,05:30,14:00,8.5,
shf_0143,stf_033,2026-01-08,,05:30,14:00,8.5,
shf_0144,stf_039,2026-01-08,,05:30,14:00,8.5,
shf_0145,stf_034,2026-01-08,,05:30,14:00,8.5,
shf_0146,stf_040,2026-01-08,,07:00,17:00,10,
shf_0147,stf_042,2026-01-08,,07:00,17:00,10,
shf_0148,stf_044,2026-01-08,,08:00,17:00,9,
shf_0149,stf_045,2026-01-08,,08:00,17:00,9,
shf_0150,stf_007,2026-01-09,,07:00,16:00,9,
shf_0151,stf_005,2026-01-09,,07:00,16:00,9,
shf_0152,stf_010,2026-01-09,,07:00,16:00,9,
shf_0153,stf_004,2026-01-09,,07:00,16:00,9,
shf_0154,stf_001,2026-01-09,,07:00,16:00,9,
shf_0162,stf_034,2026-01-09,,05:30,14:00,8.5,
shf_0163,stf_037,2026-01-09,,05:30,14:00,8.5,
shf_0164,stf_033,2026-01-09,,05:30,14:00,8.5,
shf_0165,stf_041,2026-01-09,,07:00,17:00,10,
shf_0166,stf_040,2026-01-09,,07:00,17:00,10,
shf_0167,stf_045,2026-01-09,,08:00,17:00,9,
shf_0168,stf_044,2026-01-09,,08:00,17:00,9,
shf_0169,stf_001,2026-01-10,,06:30,16:30,10,
shf_0170,stf_005,2026-01-10,,06:30,16:30,10,
shf_0171,stf_009,2026-01-10,,06:30,16:30,10,
shf_0172,stf_008,2026-01-10,,06:30,16:30,10,
shf_0173,stf_006,2026-01-10,,06:30,16:30,10,
shf_0174,stf_007,2026-01-10,,06:30,16:30,10,
shf_0187,stf_038,2026-01-10,,05:30,14:00,8.5,
shf_0188,stf_036,2026-01-10,,05:30,14:00,8.5,
shf_0189,stf_033,2026-01-10,,05:30,14:00,8.5,
shf_0190,stf_034,2026-01-10,,05:30,14:00,8.5,
shf_0191,stf_040,2026-01-10,,07:00,17:00,10,
shf_0192,stf_042,2026-01-10,,07:00,17:00,10,
shf_0193,stf_010,2026-01-11,,06:30,16:30,10,
shf_0194,stf_009,2026-01-11,,06:30,16:30,10,
shf_0195,stf_004,2026-01-11,,06:30,16:30,10,
shf_0196,stf_003,2026-01-11,,06:30,16:30,10,
shf_0197,stf_002,2026-01-11,,06:30,16:30,10,
shf_0208,stf_038,2026-01-11,,05:30,14:00,8.5,
shf_0209,stf_037,2026-01-11,,05:30,14:00,8.5,
shf_0210,stf_035,2026-01-11,,05:30,14:00,8.5,
shf_0211,stf_036,2026-01-11,,05:30,14:00,8.5,
shf_0212,stf_042,2026-01-11,,07:00,17:00,10,
shf_0213,stf_041,2026-01-11,,07:00,17:00,10,
shf_0214,stf_001,2026-01-12,,07:00,16:00,9,
shf_0215,stf_003,2026-01-12,,07:00,16:00,9,
shf_0216,stf_010,2026-01-12,,07:00,16:00,9,
shf_0217,stf_008,2026-01-12,,07:00,16:00,9,
shf_0218,stf_006,2026-01-12,,07:00,16:00,9,
shf_0228,stf_035,2026-01-12,,05:30,14:00,8.5,
shf_0229,stf_039,2026-01-12,,05:30,14:00,8.5,
shf_0230,stf_036,2026-01-12,,05:30,14:00,8.5,
shf_0231,stf_042,2026-01-12,,07:00,17:00,10,
shf_0232,stf_041,2026-01-12,,07:00,17:00,10,
shf_0233,stf_043,2026-01-12,,08:00,17:00,9,
shf_0234,stf_045,2026-01-12,,08:00,17:00,9,
shf_0235,stf_003,2026-01-13,,07:00,16:00,9,
shf_0236,stf_002,2026-01-13,,07:00,16:00,9,
shf_0237,stf_006,2026-01-13,,07:00,16:00,9,
shf_0238,stf_007,2026-01-13,,07:00,16:00,9,
shf_0239,stf_001,2026-01-13,,07:00,16:00,9,
shf_0250,stf_039,2026-01-13,,05:30,14:00,8.5,
shf_0251,stf_035,2026-01-13,,05:30,14:00,8.5,
shf_0252,stf_036,2026-01-13,,05:30,14:00,8.5,
shf_0253,stf_034,2026-01-13,,05:30,14:00,8.5,
shf_0254,stf_040,2026-01-13,,07:00,17:00,10,
shf_0255,stf_041,2026-01-13,,07:00,17:00,10,
shf_0256,stf_045,2026-01-13,,08:00,17:00,9,
shf_0257,stf_044,2026-01-13,,08:00,17:00,9,
shf_0258,stf_008,2026-01-14,,07:00,16:00,9,
shf_0259,stf_007,2026-01-14,,07:00,16:00,9,
shf_0260,stf_003,2026-01-14,,07:00,16:00,9,
shf_0261,stf_005,2026-01-14,,07:00,16:00,9,
shf_0262,stf_001,2026-01-14,,07:00,16:00,9,
shf_0273,stf_039,2026-01-14,,05:30,14:00,8.5,
shf_0274,stf_037,2026-01-14,,05:30,14:00,8.5,
shf_0275,stf_034,2026-01-14,,05:30,14:00,8.5,
shf_0276,stf_038,2026-01-14,,05:30,14:00,8.5,
shf_0277,stf_040,2026-01-14,,07:00,17:00,10,
shf_0278,stf_042,2026-01-14,,07:00,17:00,10,
shf_0279,stf_044,2026-01-14,,08:00,17:00,9,
shf_0280,stf_043,2026-01-14,,08:00,17:00,9,
shf_0281,stf_006,2026-01-15,,07:00,16:00,9,
shf_0282,stf_008,2026-01-15,,07:00,16:00,9,
shf_0283,stf_001,2026-01-15,,07:00,16:00,9,
shf_0284,stf_005,2026-01-15,,07:00,16:00,9,
shf_0285,stf_010,2026-01-15,,07:00,16:00,9,
shf_0296,stf_035,2026-01-15,,05:30,14:00,8.5,
shf_0297,stf_039,2026-01-15,,05:30,14:00,8.5,
shf_0298,stf_037,2026-01-15,,05:30,14:00,8.5,
shf_0299,stf_034,2026-01-15,,05:30,14:00,8.5,
shf_0300,stf_040,2026-01-15,,07:00,17:00,10,
shf_0301,stf_042,2026-01-15,,07:00,17:00,10,
shf_0302,stf_043,2026-01-15,,08:00,17:00,9,
shf_0303,stf_045,2026-01-15,,08:00,17:00,9,
shf_0304,stf_010,2026-01-16,,07:00,16:00,9,
shf_0305,stf_006,2026-01-16,,07:00,16:00,9,
shf_0306,stf_003,2026-01-16,,07:00,16:00,9,
shf_0307,stf_007,2026-01-16,,07:00,16:00,9,
shf_0308,stf_005,2026-01-16,,07:00,16:00,9,
shf_0315,stf_039,2026-01-16,,05:30,14:00,8.5,
shf_0316,stf_034,2026-01-16,,05:30,14:00,8.5,
shf_0317,stf_037,2026-01-16,,05:30,14:00,8.5,
shf_0318,stf_040,2026-01-16,,07:00,17:00,10,
shf_0319,stf_041,2026-01-16,,07:00,17:00,10,
shf_0320,stf_043,2026-01-16,,08:00,17:00,9,
shf_0321,stf_044,2026-01-16,,08:00,17:00,9,
shf_0322,stf_007,2026-01-17,,06:30,16:30,10,
shf_0323,stf_002,2026-01-17,,06:30,16:30,10,
shf_0324,stf_008,2026-01-17,,06:30,16:30,10,
shf_0325,stf_001,2026-01-17,,06:30,16:30,10,
shf_0326,stf_005,2026-01-17,,06:30,16:30,10,
shf_0327,stf_010,2026-01-17,,06:30,16:30,10,
shf_0339,stf_038,2026-01-17,,05:30,14:00,8.5,
shf_0340,stf_033,2026-01-17,,05:30,14:00,8.5,
shf_0341,stf_036,2026-01-17,,05:30,14:00,8.5,
shf_0342,stf_039,2026-01-17,,05:30,14:00,8.5,
shf_0343,stf_041,2026-01-17,,07:00,17:00,10,
shf_0344,stf_040,2026-01-17,,07:00,17:00,10,
shf_0345,stf_009,2026-01-18,,06:30,16:30,10,
shf_0346,stf_007,2026-01-18,,06:30,16:30,10,
shf_0347,stf_006,2026-01-18,,06:30,16:30,10,
shf_0348,stf_010,2026-01-18,,06:30,16:30,10,
shf_0349,stf_002,2026-01-18,,06:30,16:30,10,
shf_0350,stf_008,2026-01-18,,06:30,16:30,10,
shf_0361,stf_034,2026-01-18,,05:30,14:00,8.5,
shf_0362,stf_037,2026-01-18,,05:30,14:00,8.5,
shf_0363,stf_039,2026-01-18,,05:30,14:00,8.5,
shf_0364,stf_042,2026-01-18,,07:00,17:00,10,
shf_0365,stf_040,2026-01-18,,07:00,17:00,10,
shf_0366,stf_010,2026-01-19,,07:00,16:00,9,
shf_0367,stf_009,2026-01-19,,07:00,16:00,9,
shf_0368,stf_005,2026-01-19,,07:00,16:00,9,
shf_0369,stf_004,2026-01-19,,07:00,16:00,9,
shf_0379,stf_035,2026-01-19,,05:30,14:00,8.5,
shf_0380,stf_038,2026-01-19,,05:30,14:00,8.5,
shf_0381,stf_039,2026-01-19,,05:30,14:00,8.5,
shf_0382,stf_036,2026-01-19,,05:30,14:00,8.5,
shf_0383,stf_040,2026-01-19,,07:00,17:00,10,
shf_0384,stf_041,2026-01-19,,07:00,17:00,10,
shf_0385,stf_045,2026-01-19,,08:00,17:00,9,
shf_0386,stf_043,2026-01-19,,08:00,17:00,9,
shf_0387,stf_010,2026-01-20,,07:00,16:00,9,
shf_0388,stf_004,2026-01-20,,07:00,16:00,9,
shf_0389,stf_005,2026-01-20,,07:00,16:00,9,
shf_0390,stf_007,2026-01-20,,07:00,16:00,9,
shf_0399,stf_035,2026-01-20,,05:30,14:00,8.5,
shf_0400,stf_036,2026-01-20,,05:30,14:00,8.5,
shf_0401,stf_038,2026-01-20,,05:30,14:00,8.5,
shf_0402,stf_033,2026-01-20,,05:30,14:00,8.5,
shf_0403,stf_041,2026-01-20,,07:00,17:00,10,
shf_0404,stf_042,2026-01-20,,07:00,17:00,10,
shf_0405,stf_043,2026-01-20,,08:00,17:00,9,
shf_0406,stf_045,2026-01-20,,08:00,17:00,9,
shf_0407,stf_010,2026-01-21,,07:00,16:00,9,
shf_0408,stf_007,2026-01-21,,07:00,16:00,9,
shf_0409,stf_002,2026-01-21,,07:00,16:00,9,
shf_0410,stf_009,2026-01-21,,07:00,16:00,9,
shf_0411,stf_003,2026-01-21,,07:00,16:00,9,
shf_0421,stf_039,2026-01-21,,05:30,14:00,8.5,
shf_0422,stf_038,2026-01-21,,05:30,14:00,8.5,
shf_0423,stf_035,2026-01-21,,05:30,14:00,8.5,
shf_0424,stf_042,2026-01-21,,07:00,17:00,10,
shf_0425,stf_041,2026-01-21,,07:00,17:00,10,
shf_0426,stf_043,2026-01-21,,08:00,17:00,9,
shf_0427,stf_045,2026-01-21,,08:00,17:00,9,
shf_0428,stf_001,2026-01-22,,07:00,16:00,9,
shf_0429,stf_010,2026-01-22,,07:00,16:00,9,
shf_0430,stf_002,2026-01-22,,07:00,16:00,9,
shf_0431,stf_008,2026-01-22,,07:00,16:00,9,
shf_0432,stf_003,2026-01-22,,07:00,16:00,9,
shf_0442,stf_033,2026-01-22,,05:30,14:00,8.5,
shf_0443,stf_035,2026-01-22,,05:30,14:00,8.5,
shf_0444,stf_038,2026-01-22,,05:30,14:00,8.5,
shf_0445,stf_041,2026-01-22,,07:00,17:00,10,
shf_0446,stf_040,2026-01-22,,07:00,17:00,10,
shf_0447,stf_045,2026-01-22,,08:00,17:00,9,
shf_0448,stf_043,2026-01-22,,08:00,17:00,9,
shf_0449,stf_002,2026-01-23,,07:00,16:00,9,
shf_0450,stf_003,2026-01-23,,07:00,16:00,9,
shf_0451,stf_006,2026-01-23,,07:00,16:00,9,
shf_0452,stf_001,2026-01-23,,07:00,16:00,9,
shf_0453,stf_004,2026-01-23,,07:00,16:00,9,
shf_0464,stf_034,2026-01-23,,05:30,14:00,8.5,
shf_0465,stf_038,2026-01-23,,05:30,14:00,8.5,
shf_0466,stf_039,2026-01-23,,05:30,14:00,8.5,
shf_0467,stf_033,2026-01-23,,05:30,14:00,8.5,
shf_0468,stf_040,2026-01-23,,07:00,17:00,10,
shf_0469,stf_041,2026-01-23,,07:00,17:00,10,
shf_0470,stf_043,2026-01-23,,08:00,17:00,9,
shf_0471,stf_044,2026-01-23,,08:00,17:00,9,
shf_0472,stf_007,2026-01-24,,06:30,16:30,10,
shf_0473,stf_002,2026-01-24,,06:30,16:30,10,
shf_0474,stf_008,2026-01-24,,06:30,16:30,10,
shf_0475,stf_003,2026-01-24,,06:30,16:30,10,
shf_0476,stf_010,2026-01-24,,06:30,16:30,10,
shf_0477,stf_005,2026-01-24,,06:30,16:30,10,
shf_0490,stf_034,2026-01-24,,05:30,14:00,8.5,
shf_0491,stf_035,2026-01-24,,05:30,14:00,8.5,
shf_0492,stf_033,2026-01-24,,05:30,14:00,8.5,
shf_0493,stf_037,2026-01-24,,05:30,14:00,8.5,
shf_0494,stf_040,2026-01-24,,07:00,17:00,10,
shf_0495,stf_041,2026-01-24,,07:00,17:00,10,
shf_0496,stf_005,2026-01-25,,06:30,16:30,10,
shf_0497,stf_010,2026-01-25,,06:30,16:30,10,
shf_0498,stf_007,2026-01-25,,06:30,16:30,10,
shf_0499,stf_006,2026-01-25,,06:30,16:30,10,
shf_0500,stf_009,2026-01-25,,06:30,16:30,10,
shf_0501,stf_003,2026-01-25,,06:30,16:30,10,
shf_0512,stf_033,2026-01-25,,05:30,14:00,8.5,
shf_0513,stf_035,2026-01-25,,05:30,14:00,8.5,
shf_0514,stf_038,2026-01-25,,05:30,14:00,8.5,
shf_0515,stf_042,2026-01-25,,07:00,17:00,10,
shf_0516,stf_041,2026-01-25,,07:00,17:00,10,
shf_0517,stf_009,2026-01-26,,07:00,16:00,9,
shf_0518,stf_007,2026-01-26,,07:00,16:00,9,
shf_0519,stf_001,2026-01-26,,07:00,16:00,9,
shf_0520,stf_008,2026-01-26,,07:00,16:00,9,
shf_0531,stf_033,2026-01-26,,05:30,14:00,8.5,
shf_0532,stf_035,2026-01-26,,05:30,14:00,8.5,
shf_0533,stf_034,2026-01-26,,05:30,14:00,8.5,
shf_0534,stf_042,2026-01-26,,07:00,17:00,10,
shf_0535,stf_041,2026-01-26,,07:00,17:00,10,
shf_0536,stf_044,2026-01-26,,08:00,17:00,9,
shf_0537,stf_045,2026-01-26,,08:00,17:00,9,
shf_0538,stf_010,2026-01-27,,07:00,16:00,9,
shf_0539,stf_008,2026-01-27,,07:00,16:00,9,
shf_0540,stf_004,2026-01-27,,07:00,16:00,9,
shf_0541,stf_001,2026-01-27,,07:00,16:00,9,
shf_0542,stf_006,2026-01-27,,07:00,16:00,9,
shf_0551,stf_037,2026-01-27,,05:30,14:00,8.5,
shf_0552,stf_034,2026-01-27,,05:30,14:00,8.5,
shf_0553,stf_038,2026-01-27,,05:30,14:00,8.5,
shf_0554,stf_035,2026-01-27,,05:30,14:00,8.5,
shf_0555,stf_042,2026-01-27,,07:00,17:00,10,
shf_0556,stf_040,2026-01-27,,07:00,17:00,10,
shf_0557,stf_044,2026-01-27,,08:00,17:00,9,
shf_0558,stf_045,2026-01-27,,08:00,17:00,9,
shf_0559,stf_003,2026-01-28,,07:00,16:00,9,
shf_0560,stf_005,2026-01-28,,07:00,16:00,9,
shf_0561,stf_010,2026-01-28,,07:00,16:00,9,
shf_0562,stf_006,2026-01-28,,07:00,16:00,9,
shf_0570,stf_034,2026-01-28,,05:30,14:00,8.5,
shf_0571,stf_039,2026-01-28,,05:30,14:00,8.5,
shf_0572,stf_035,2026-01-28,,05:30,14:00,8.5,
shf_0573,stf_042,2026-01-28,,07:00,17:00,10,
shf_0574,stf_041,2026-01-28,,07:00,17:00,10,
shf_0575,stf_045,2026-01-28,,08:00,17:00,9,
shf_0576,stf_044,2026-01-28,,08:00,17:00,9,
shf_0577,stf_004,2026-01-29,,07:00,16:00,9,
shf_0578,stf_002,2026-01-29,,07:00,16:00,9,
shf_0579,stf_008,2026-01-29,,07:00,16:00,9,
shf_0580,stf_003,2026-01-29,,07:00,16:00,9,
shf_0590,stf_038,2026-01-29,,05:30,14:00,8.5,
shf_0591,stf_039,2026-01-29,,05:30,14:00,8.5,
shf_0592,stf_033,2026-01-29,,05:30,14:00,8.5,
shf_0593,stf_037,2026-01-29,,05:30,14:00,8.5,
shf_0594,stf_041,2026-01-29,,07:00,17:00,10,
shf_0595,stf_040,2026-01-29,,07:00,17:00,10,
shf_0596,stf_043,2026-01-29,,08:00,17:00,9,
shf_0597,stf_045,2026-01-29,,08:00,17:00,9,
shf_0598,stf_004,2026-01-30,,07:00,16:00,9,
shf_0599,stf_002,2026-01-30,,07:00,16:00,9,
shf_0600,stf_003,2026-01-30,,07:00,16:00,9,
shf_0601,stf_001,2026-01-30,,07:00,16:00,9,
shf_0602,stf_005,2026-01-30,,07:00,16:00,9,
shf_0014,stf_032,2026-01-01,outlet_grill,09:00,20:00,11,
shf_0015,stf_030,2026-01-01,outlet_grill,09:00,20:00,11,
shf_0612,stf_035,2026-01-30,,05:30,14:00,8.5,
shf_0613,stf_037,2026-01-30,,05:30,14:00,8.5,
shf_0614,stf_038,2026-01-30,,05:30,14:00,8.5,
shf_0615,stf_039,2026-01-30,,05:30,14:00,8.5,
shf_0616,stf_040,2026-01-30,,07:00,17:00,10,
shf_0617,stf_042,2026-01-30,,07:00,17:00,10,
shf_0618,stf_044,2026-01-30,,08:00,17:00,9,
shf_0619,stf_045,2026-01-30,,08:00,17:00,9,
shf_0620,stf_001,2026-01-31,,06:30,16:30,10,
shf_0621,stf_007,2026-01-31,,06:30,16:30,10,
shf_0622,stf_006,2026-01-31,,06:30,16:30,10,
shf_0623,stf_010,2026-01-31,,06:30,16:30,10,
shf_0624,stf_002,2026-01-31,,06:30,16:30,10,
shf_0625,stf_009,2026-01-31,,06:30,16:30,10,
shf_0028,stf_017,2026-01-02,outlet_grill,10:30,20:00,9.5,
shf_0029,stf_021,2026-01-02,outlet_grill,10:30,20:00,9.5,
shf_0030,stf_019,2026-01-02,outlet_grill,10:30,20:00,9.5,
shf_0031,stf_016,2026-01-02,outlet_grill,10:30,20:00,9.5,
shf_0032,stf_020,2026-01-02,outlet_grill,10:30,20:00,9.5,
shf_0033,stf_013,2026-01-02,outlet_grill,10:30,20:00,9.5,
shf_0034,stf_030,2026-01-02,outlet_grill,09:00,20:00,11,
shf_0035,stf_029,2026-01-02,outlet_grill,09:00,20:00,11,
shf_0036,stf_026,2026-01-02,outlet_grill,09:00,20:00,11,
shf_0037,stf_028,2026-01-02,outlet_grill,09:00,20:00,11,
shf_0051,stf_011,2026-01-03,outlet_grill,10:30,20:00,9.5,
shf_0637,stf_038,2026-01-31,,05:30,14:00,8.5,
shf_0638,stf_034,2026-01-31,,05:30,14:00,8.5,
shf_0639,stf_036,2026-01-31,,05:30,14:00,8.5,
shf_0640,stf_040,2026-01-31,,07:00,17:00,10,
shf_0641,stf_041,2026-01-31,,07:00,17:00,10,
shf_0052,stf_024,2026-01-03,outlet_grill,10:30,20:00,9.5,
shf_0053,stf_016,2026-01-03,outlet_grill,10:30,20:00,9.5,
shf_0054,stf_021,2026-01-03,outlet_grill,10:30,20:00,9.5,
shf_0055,stf_017,2026-01-03,outlet_grill,10:30,20:00,9.5,
shf_0056,stf_015,2026-01-03,outlet_grill,10:30,20:00,9.5,
shf_0057,stf_029,2026-01-03,outlet_grill,09:00,20:00,11,
shf_0058,stf_026,2026-01-03,outlet_grill,09:00,20:00,11,
shf_0059,stf_025,2026-01-03,outlet_grill,09:00,20:00,11,
shf_0060,stf_032,2026-01-03,outlet_grill,09:00,20:00,11,
shf_0061,stf_028,2026-01-03,outlet_grill,09:00,20:00,11,
shf_0073,stf_012,2026-01-04,outlet_grill,10:30,20:00,9.5,
shf_0074,stf_020,2026-01-04,outlet_grill,10:30,20:00,9.5,
shf_0075,stf_021,2026-01-04,outlet_grill,10:30,20:00,9.5,
shf_0076,stf_017,2026-01-04,outlet_grill,10:30,20:00,9.5,
shf_0077,stf_011,2026-01-04,outlet_grill,10:30,20:00,9.5,
shf_0078,stf_023,2026-01-04,outlet_grill,10:30,20:00,9.5,
shf_0079,stf_026,2026-01-04,outlet_grill,09:00,20:00,11,
shf_0080,stf_029,2026-01-04,outlet_grill,09:00,20:00,11,
shf_0081,stf_025,2026-01-04,outlet_grill,09:00,20:00,11,
shf_0082,stf_031,2026-01-04,outlet_grill,09:00,20:00,11,
shf_0083,stf_030,2026-01-04,outlet_grill,09:00,20:00,11,
shf_0093,stf_017,2026-01-05,outlet_grill,10:30,20:00,9.5,
shf_0094,stf_019,2026-01-05,outlet_grill,10:30,20:00,9.5,
shf_0095,stf_016,2026-01-05,outlet_grill,10:30,20:00,9.5,
shf_0096,stf_014,2026-01-05,outlet_grill,10:30,20:00,9.5,
shf_0097,stf_012,2026-01-05,outlet_grill,10:30,20:00,9.5,
shf_0098,stf_029,2026-01-05,outlet_grill,09:00,20:00,11,
shf_0099,stf_028,2026-01-05,outlet_grill,09:00,20:00,11,
shf_0100,stf_032,2026-01-05,outlet_grill,09:00,20:00,11,
shf_0113,stf_020,2026-01-07,outlet_grill,10:30,20:00,9.5,
shf_0114,stf_016,2026-01-07,outlet_grill,10:30,20:00,9.5,
shf_0115,stf_023,2026-01-07,outlet_grill,10:30,20:00,9.5,
shf_0116,stf_018,2026-01-07,outlet_grill,10:30,20:00,9.5,
shf_0117,stf_012,2026-01-07,outlet_grill,10:30,20:00,9.5,
shf_0118,stf_027,2026-01-07,outlet_grill,09:00,20:00,11,
shf_0119,stf_029,2026-01-07,outlet_grill,09:00,20:00,11,
shf_0120,stf_028,2026-01-07,outlet_grill,09:00,20:00,11,
shf_0132,stf_022,2026-01-08,outlet_grill,10:30,20:00,9.5,
shf_0133,stf_018,2026-01-08,outlet_grill,10:30,20:00,9.5,
shf_0134,stf_013,2026-01-08,outlet_grill,10:30,20:00,9.5,
shf_0135,stf_023,2026-01-08,outlet_grill,10:30,20:00,9.5,
shf_0136,stf_014,2026-01-08,outlet_grill,10:30,20:00,9.5,
shf_0137,stf_016,2026-01-08,outlet_grill,10:30,20:00,9.5,
shf_0138,stf_025,2026-01-08,outlet_grill,09:00,20:00,11,
shf_0139,stf_031,2026-01-08,outlet_grill,09:00,20:00,11,
shf_0140,stf_029,2026-01-08,outlet_grill,09:00,20:00,11,
shf_0141,stf_027,2026-01-08,outlet_grill,09:00,20:00,11,
shf_0155,stf_013,2026-01-09,outlet_grill,10:30,20:00,9.5,
shf_0156,stf_018,2026-01-09,outlet_grill,10:30,20:00,9.5,
shf_0157,stf_014,2026-01-09,outlet_grill,10:30,20:00,9.5,
shf_0158,stf_023,2026-01-09,outlet_grill,10:30,20:00,9.5,Staff callout — short-handed
shf_0159,stf_030,2026-01-09,outlet_grill,09:00,20:00,11,
shf_0160,stf_028,2026-01-09,outlet_grill,09:00,20:00,11,
shf_0161,stf_031,2026-01-09,outlet_grill,09:00,20:00,11,
shf_0175,stf_022,2026-01-10,outlet_grill,10:30,20:00,9.5,
shf_0176,stf_015,2026-01-10,outlet_grill,10:30,20:00,9.5,
shf_0177,stf_021,2026-01-10,outlet_grill,10:30,20:00,9.5,
shf_0178,stf_020,2026-01-10,outlet_grill,10:30,20:00,9.5,
shf_0179,stf_013,2026-01-10,outlet_grill,10:30,20:00,9.5,
shf_0180,stf_012,2026-01-10,outlet_grill,10:30,20:00,9.5,
shf_0181,stf_018,2026-01-10,outlet_grill,10:30,20:00,9.5,
shf_0182,stf_031,2026-01-10,outlet_grill,09:00,20:00,11,
shf_0183,stf_026,2026-01-10,outlet_grill,09:00,20:00,11,
shf_0184,stf_029,2026-01-10,outlet_grill,09:00,20:00,11,
shf_0185,stf_032,2026-01-10,outlet_grill,09:00,20:00,11,
shf_0186,stf_028,2026-01-10,outlet_grill,09:00,20:00,11,
shf_0198,stf_021,2026-01-11,outlet_grill,10:30,20:00,9.5,
shf_0199,stf_015,2026-01-11,outlet_grill,10:30,20:00,9.5,
shf_0200,stf_013,2026-01-11,outlet_grill,10:30,20:00,9.5,
shf_0201,stf_017,2026-01-11,outlet_grill,10:30,20:00,9.5,
shf_0202,stf_012,2026-01-11,outlet_grill,10:30,20:00,9.5,
shf_0203,stf_020,2026-01-11,outlet_grill,10:30,20:00,9.5,
shf_0204,stf_028,2026-01-11,outlet_grill,09:00,20:00,11,
shf_0205,stf_031,2026-01-11,outlet_grill,09:00,20:00,11,
shf_0206,stf_029,2026-01-11,outlet_grill,09:00,20:00,11,
shf_0207,stf_030,2026-01-11,outlet_grill,09:00,20:00,11,
shf_0219,stf_022,2026-01-12,outlet_grill,10:30,20:00,9.5,
shf_0220,stf_015,2026-01-12,outlet_grill,10:30,20:00,9.5,
shf_0221,stf_019,2026-01-12,outlet_grill,10:30,20:00,9.5,
shf_0222,stf_021,2026-01-12,outlet_grill,10:30,20:00,9.5,
shf_0223,stf_013,2026-01-12,outlet_grill,10:30,20:00,9.5,
shf_0224,stf_020,2026-01-12,outlet_grill,10:30,20:00,9.5,
shf_0225,stf_031,2026-01-12,outlet_grill,09:00,20:00,11,
shf_0226,stf_032,2026-01-12,outlet_grill,09:00,20:00,11,
shf_0227,stf_028,2026-01-12,outlet_grill,09:00,20:00,11,
shf_0240,stf_012,2026-01-13,outlet_grill,10:30,20:00,9.5,
shf_0241,stf_011,2026-01-13,outlet_grill,10:30,20:00,9.5,
shf_0242,stf_016,2026-01-13,outlet_grill,10:30,20:00,9.5,
shf_0243,stf_014,2026-01-13,outlet_grill,10:30,20:00,9.5,
shf_0244,stf_015,2026-01-13,outlet_grill,10:30,20:00,9.5,
shf_0245,stf_020,2026-01-13,outlet_grill,10:30,20:00,9.5,
shf_0246,stf_028,2026-01-13,outlet_grill,09:00,20:00,11,
shf_0247,stf_029,2026-01-13,outlet_grill,09:00,20:00,11,
shf_0248,stf_032,2026-01-13,outlet_grill,09:00,20:00,11,
shf_0249,stf_027,2026-01-13,outlet_grill,09:00,20:00,11,
shf_0263,stf_023,2026-01-14,outlet_grill,10:30,20:00,9.5,
shf_0264,stf_011,2026-01-14,outlet_grill,10:30,20:00,9.5,
shf_0265,stf_024,2026-01-14,outlet_grill,10:30,20:00,9.5,
shf_0266,stf_018,2026-01-14,outlet_grill,10:30,20:00,9.5,
shf_0267,stf_012,2026-01-14,outlet_grill,10:30,20:00,9.5,
shf_0268,stf_013,2026-01-14,outlet_grill,10:30,20:00,9.5,
shf_0269,stf_029,2026-01-14,outlet_grill,09:00,20:00,11,
shf_0270,stf_028,2026-01-14,outlet_grill,09:00,20:00,11,
shf_0271,stf_031,2026-01-14,outlet_grill,09:00,20:00,11,
shf_0272,stf_032,2026-01-14,outlet_grill,09:00,20:00,11,
shf_0286,stf_020,2026-01-15,outlet_grill,10:30,20:00,9.5,
shf_0287,stf_014,2026-01-15,outlet_grill,10:30,20:00,9.5,
shf_0288,stf_019,2026-01-15,outlet_grill,10:30,20:00,9.5,
shf_0289,stf_024,2026-01-15,outlet_grill,10:30,20:00,9.5,
shf_0290,stf_022,2026-01-15,outlet_grill,10:30,20:00,9.5,
shf_0291,stf_012,2026-01-15,outlet_grill,10:30,20:00,9.5,
shf_0292,stf_029,2026-01-15,outlet_grill,09:00,20:00,11,
shf_0293,stf_027,2026-01-15,outlet_grill,09:00,20:00,11,
shf_0294,stf_031,2026-01-15,outlet_grill,09:00,20:00,11,
shf_0295,stf_030,2026-01-15,outlet_grill,09:00,20:00,11,
shf_0309,stf_012,2026-01-16,outlet_grill,10:30,20:00,9.5,
shf_0310,stf_017,2026-01-16,outlet_grill,10:30,20:00,9.5,
shf_0311,stf_022,2026-01-16,outlet_grill,10:30,20:00,9.5,Staff callout — short-handed
shf_0312,stf_031,2026-01-16,outlet_grill,09:00,20:00,11,
shf_0313,stf_025,2026-01-16,outlet_grill,09:00,20:00,11,
shf_0314,stf_029,2026-01-16,outlet_grill,09:00,20:00,11,
shf_0328,stf_012,2026-01-17,outlet_grill,10:30,20:00,9.5,
shf_0329,stf_011,2026-01-17,outlet_grill,10:30,20:00,9.5,
shf_0330,stf_022,2026-01-17,outlet_grill,10:30,20:00,9.5,
shf_0331,stf_024,2026-01-17,outlet_grill,10:30,20:00,9.5,
shf_0332,stf_019,2026-01-17,outlet_grill,10:30,20:00,9.5,
shf_0333,stf_018,2026-01-17,outlet_grill,10:30,20:00,9.5,
shf_0334,stf_015,2026-01-17,outlet_grill,10:30,20:00,9.5,
shf_0335,stf_028,2026-01-17,outlet_grill,09:00,20:00,11,
shf_0336,stf_032,2026-01-17,outlet_grill,09:00,20:00,11,
shf_0337,stf_027,2026-01-17,outlet_grill,09:00,20:00,11,
shf_0338,stf_026,2026-01-17,outlet_grill,09:00,20:00,11,
shf_0351,stf_012,2026-01-18,outlet_grill,10:30,20:00,9.5,
shf_0352,stf_021,2026-01-18,outlet_grill,10:30,20:00,9.5,
shf_0353,stf_018,2026-01-18,outlet_grill,10:30,20:00,9.5,
shf_0354,stf_017,2026-01-18,outlet_grill,10:30,20:00,9.5,
shf_0355,stf_015,2026-01-18,outlet_grill,10:30,20:00,9.5,
shf_0356,stf_016,2026-01-18,outlet_grill,10:30,20:00,9.5,
shf_0357,stf_027,2026-01-18,outlet_grill,09:00,20:00,11,
shf_0358,stf_028,2026-01-18,outlet_grill,09:00,20:00,11,
shf_0359,stf_030,2026-01-18,outlet_grill,09:00,20:00,11,
shf_0360,stf_031,2026-01-18,outlet_grill,09:00,20:00,11,
shf_0370,stf_015,2026-01-19,outlet_grill,10:30,20:00,9.5,
shf_0371,stf_016,2026-01-19,outlet_grill,10:30,20:00,9.5,
shf_0372,stf_011,2026-01-19,outlet_grill,10:30,20:00,9.5,
shf_0373,stf_022,2026-01-19,outlet_grill,10:30,20:00,9.5,
shf_0374,stf_023,2026-01-19,outlet_grill,10:30,20:00,9.5,
shf_0375,stf_020,2026-01-19,outlet_grill,10:30,20:00,9.5,
shf_0376,stf_028,2026-01-19,outlet_grill,09:00,20:00,11,
shf_0377,stf_026,2026-01-19,outlet_grill,09:00,20:00,11,
shf_0378,stf_025,2026-01-19,outlet_grill,09:00,20:00,11,
shf_0391,stf_022,2026-01-20,outlet_grill,10:30,20:00,9.5,
shf_0392,stf_016,2026-01-20,outlet_grill,10:30,20:00,9.5,
shf_0393,stf_020,2026-01-20,outlet_grill,10:30,20:00,9.5,
shf_0394,stf_013,2026-01-20,outlet_grill,10:30,20:00,9.5,
shf_0395,stf_023,2026-01-20,outlet_grill,10:30,20:00,9.5,
shf_0396,stf_026,2026-01-20,outlet_grill,09:00,20:00,11,
shf_0397,stf_027,2026-01-20,outlet_grill,09:00,20:00,11,
shf_0398,stf_030,2026-01-20,outlet_grill,09:00,20:00,11,
shf_0412,stf_020,2026-01-21,outlet_grill,10:30,20:00,9.5,
shf_0413,stf_019,2026-01-21,outlet_grill,10:30,20:00,9.5,
shf_0414,stf_021,2026-01-21,outlet_grill,10:30,20:00,9.5,
shf_0415,stf_017,2026-01-21,outlet_grill,10:30,20:00,9.5,
shf_0416,stf_022,2026-01-21,outlet_grill,10:30,20:00,9.5,
shf_0417,stf_031,2026-01-21,outlet_grill,09:00,20:00,11,
shf_0418,stf_032,2026-01-21,outlet_grill,09:00,20:00,11,
shf_0419,stf_026,2026-01-21,outlet_grill,09:00,20:00,11,
shf_0420,stf_030,2026-01-21,outlet_grill,09:00,20:00,11,
shf_0433,stf_011,2026-01-22,outlet_grill,10:30,20:00,9.5,
shf_0434,stf_017,2026-01-22,outlet_grill,10:30,20:00,9.5,
shf_0435,stf_015,2026-01-22,outlet_grill,10:30,20:00,9.5,
shf_0436,stf_014,2026-01-22,outlet_grill,10:30,20:00,9.5,
shf_0437,stf_021,2026-01-22,outlet_grill,10:30,20:00,9.5,
shf_0438,stf_020,2026-01-22,outlet_grill,10:30,20:00,9.5,
shf_0439,stf_029,2026-01-22,outlet_grill,09:00,20:00,11,
shf_0440,stf_031,2026-01-22,outlet_grill,09:00,20:00,11,
shf_0441,stf_028,2026-01-22,outlet_grill,09:00,20:00,11,
shf_0454,stf_020,2026-01-23,outlet_grill,10:30,20:00,9.5,
shf_0455,stf_022,2026-01-23,outlet_grill,10:30,20:00,9.5,
shf_0456,stf_023,2026-01-23,outlet_grill,10:30,20:00,9.5,
shf_0457,stf_017,2026-01-23,outlet_grill,10:30,20:00,9.5,
shf_0458,stf_016,2026-01-23,outlet_grill,10:30,20:00,9.5,
shf_0459,stf_024,2026-01-23,outlet_grill,10:30,20:00,9.5,
shf_0460,stf_025,2026-01-23,outlet_grill,09:00,20:00,11,
shf_0461,stf_027,2026-01-23,outlet_grill,09:00,20:00,11,
shf_0462,stf_032,2026-01-23,outlet_grill,09:00,20:00,11,
shf_0463,stf_029,2026-01-23,outlet_grill,09:00,20:00,11,
shf_0478,stf_016,2026-01-24,outlet_grill,10:30,20:00,9.5,
shf_0479,stf_019,2026-01-24,outlet_grill,10:30,20:00,9.5,
shf_0480,stf_022,2026-01-24,outlet_grill,10:30,20:00,9.5,
shf_0481,stf_011,2026-01-24,outlet_grill,10:30,20:00,9.5,
shf_0482,stf_018,2026-01-24,outlet_grill,10:30,20:00,9.5,
shf_0483,stf_023,2026-01-24,outlet_grill,10:30,20:00,9.5,
shf_0484,stf_020,2026-01-24,outlet_grill,10:30,20:00,9.5,
shf_0485,stf_032,2026-01-24,outlet_grill,09:00,20:00,11,
shf_0486,stf_027,2026-01-24,outlet_grill,09:00,20:00,11,
shf_0487,stf_026,2026-01-24,outlet_grill,09:00,20:00,11,
shf_0488,stf_029,2026-01-24,outlet_grill,09:00,20:00,11,
shf_0489,stf_025,2026-01-24,outlet_grill,09:00,20:00,11,
shf_0502,stf_011,2026-01-25,outlet_grill,10:30,20:00,9.5,
shf_0503,stf_020,2026-01-25,outlet_grill,10:30,20:00,9.5,
shf_0504,stf_016,2026-01-25,outlet_grill,10:30,20:00,9.5,
shf_0505,stf_015,2026-01-25,outlet_grill,10:30,20:00,9.5,
shf_0506,stf_012,2026-01-25,outlet_grill,10:30,20:00,9.5,
shf_0507,stf_019,2026-01-25,outlet_grill,10:30,20:00,9.5,
shf_0508,stf_030,2026-01-25,outlet_grill,09:00,20:00,11,
shf_0509,stf_025,2026-01-25,outlet_grill,09:00,20:00,11,
shf_0510,stf_028,2026-01-25,outlet_grill,09:00,20:00,11,
shf_0511,stf_027,2026-01-25,outlet_grill,09:00,20:00,11,
shf_0521,stf_017,2026-01-26,outlet_grill,10:30,20:00,9.5,
shf_0522,stf_015,2026-01-26,outlet_grill,10:30,20:00,9.5,
shf_0523,stf_019,2026-01-26,outlet_grill,10:30,20:00,9.5,
shf_0524,stf_012,2026-01-26,outlet_grill,10:30,20:00,9.5,
shf_0525,stf_022,2026-01-26,outlet_grill,10:30,20:00,9.5,
shf_0526,stf_020,2026-01-26,outlet_grill,10:30,20:00,9.5,
shf_0006,stf_012,2026-01-01,outlet_grill,10:30,20:00,9.5,
shf_0007,stf_024,2026-01-01,outlet_grill,10:30,20:00,9.5,
shf_0008,stf_021,2026-01-01,outlet_grill,10:30,20:00,9.5,
shf_0009,stf_019,2026-01-01,outlet_grill,10:30,20:00,9.5,
shf_0010,stf_018,2026-01-01,outlet_grill,10:30,20:00,9.5,
shf_0011,stf_011,2026-01-01,outlet_grill,10:30,20:00,9.5,
shf_0012,stf_027,2026-01-01,outlet_grill,09:00,20:00,11,
shf_0013,stf_031,2026-01-01,outlet_grill,09:00,20:00,11,
shf_0527,stf_027,2026-01-26,outlet_grill,09:00,20:00,11,
shf_0528,stf_029,2026-01-26,outlet_grill,09:00,20:00,11,
shf_0529,stf_026,2026-01-26,outlet_grill,09:00,20:00,11,
shf_0530,stf_032,2026-01-26,outlet_grill,09:00,20:00,11,
shf_0543,stf_012,2026-01-27,outlet_grill,10:30,20:00,9.5,
shf_0544,stf_014,2026-01-27,outlet_grill,10:30,20:00,9.5,
shf_0545,stf_022,2026-01-27,outlet_grill,10:30,20:00,9.5,
shf_0546,stf_020,2026-01-27,outlet_grill,10:30,20:00,9.5,
shf_0547,stf_023,2026-01-27,outlet_grill,10:30,20:00,9.5,
shf_0548,stf_028,2026-01-27,outlet_grill,09:00,20:00,11,
shf_0549,stf_025,2026-01-27,outlet_grill,09:00,20:00,11,
shf_0550,stf_030,2026-01-27,outlet_grill,09:00,20:00,11,
shf_0563,stf_013,2026-01-28,outlet_grill,10:30,20:00,9.5,
shf_0564,stf_024,2026-01-28,outlet_grill,10:30,20:00,9.5,
shf_0565,stf_021,2026-01-28,outlet_grill,10:30,20:00,9.5,
shf_0566,stf_018,2026-01-28,outlet_grill,10:30,20:00,9.5,Staff callout — short-handed
shf_0567,stf_032,2026-01-28,outlet_grill,09:00,20:00,11,
shf_0568,stf_027,2026-01-28,outlet_grill,09:00,20:00,11,
shf_0569,stf_028,2026-01-28,outlet_grill,09:00,20:00,11,
shf_0581,stf_023,2026-01-29,outlet_grill,10:30,20:00,9.5,
shf_0582,stf_019,2026-01-29,outlet_grill,10:30,20:00,9.5,
shf_0583,stf_024,2026-01-29,outlet_grill,10:30,20:00,9.5,
shf_0584,stf_013,2026-01-29,outlet_grill,10:30,20:00,9.5,
shf_0585,stf_022,2026-01-29,outlet_grill,10:30,20:00,9.5,
shf_0586,stf_021,2026-01-29,outlet_grill,10:30,20:00,9.5,
shf_0587,stf_031,2026-01-29,outlet_grill,09:00,20:00,11,
shf_0588,stf_027,2026-01-29,outlet_grill,09:00,20:00,11,
shf_0589,stf_025,2026-01-29,outlet_grill,09:00,20:00,11,
shf_0603,stf_018,2026-01-30,outlet_grill,10:30,20:00,9.5,
shf_0604,stf_012,2026-01-30,outlet_grill,10:30,20:00,9.5,
shf_0605,stf_014,2026-01-30,outlet_grill,10:30,20:00,9.5,
shf_0606,stf_015,2026-01-30,outlet_grill,10:30,20:00,9.5,
shf_0607,stf_017,2026-01-30,outlet_grill,10:30,20:00,9.5,
shf_0608,stf_029,2026-01-30,outlet_grill,09:00,20:00,11,
shf_0609,stf_030,2026-01-30,outlet_grill,09:00,20:00,11,
shf_0610,stf_026,2026-01-30,outlet_grill,09:00,20:00,11,
shf_0611,stf_031,2026-01-30,outlet_grill,09:00,20:00,11,
shf_0626,stf_020,2026-01-31,outlet_grill,10:30,20:00,9.5,
shf_0627,stf_023,2026-01-31,outlet_grill,10:30,20:00,9.5,
shf_0628,stf_018,2026-01-31,outlet_grill,10:30,20:00,9.5,
shf_0629,stf_015,2026-01-31,outlet_grill,10:30,20:00,9.5,
shf_0630,stf_021,2026-01-31,outlet_grill,10:30,20:00,9.5,
shf_0631,stf_011,2026-01-31,outlet_grill,10:30,20:00,9.5,
shf_0632,stf_024,2026-01-31,outlet_grill,10:30,20:00,9.5,
shf_0633,stf_032,2026-01-31,outlet_grill,09:00,20:00,11,
shf_0634,stf_027,2026-01-31,outlet_grill,09:00,20:00,11,
shf_0635,stf_029,2026-01-31,outlet_grill,09:00,20:00,11,
shf_0636,stf_028,2026-01-31,outlet_grill,09:00,20:00,11,
